#,Region,AZ,State,ID,Name,OS,Instance Type,EBS,Private IP,Public IP,Elastic IP,Launch Time
1,cn-north-1,cn-north-1b,running,i-02965b3ae8f13ad52,prod-proxy-2,Linux,t2.medium,EBS,10.28.11.250,54.223.106.53,ElasticIP,2016-12-27 02:21:29 UTC
2,cn-north-1,cn-north-1a,running,i-0df2c6afde2ee26e1,es-snow-restore-data-07,Linux,m4.4xlarge,EBS,10.28.18.213,unassigned,,2019-03-19 07:51:55 UTC
3,cn-north-1,cn-north-1a,running,i-09a6fdd48fa74486a,nodes.test100.k8s.local,Linux,r4.xlarge,EBS,10.110.200.194,unassigned,,2018-12-12 09:26:20 UTC
4,cn-north-1,cn-north-1a,running,i-03bca9be6ae662b90,prometheus-test,Linux,t2.small,EBS,10.110.32.230,unassigned,,2017-11-08 07:35:43 UTC
5,cn-north-1,cn-north-1a,running,i-0a5cbbe45c1406011,nodes3.manage.k8s.local,Linux,r4.xlarge,EBS,10.100.64.118,unassigned,,2019-02-21 02:39:02 UTC
6,cn-north-1,cn-north-1a,running,i-0083a00ad9d04a94d,nodem3.xh-prod.k8s.local,Linux,m3.xlarge,EBS,10.28.30.137,unassigned,,2018-11-13 10:20:23 UTC
7,cn-north-1,cn-north-1a,running,i-019a407e6ca669885,presto-risk-20180607,Linux,r4.2xlarge,EBS,10.28.100.44,54.222.206.249,,2018-06-07 08:06:26 UTC
8,cn-north-1,cn-north-1a,running,i-0d57601ae59c84e71,presto-risk-20180607,Linux,r4.2xlarge,EBS,10.28.100.157,52.80.18.178,,2018-06-07 08:06:26 UTC
9,cn-north-1,cn-north-1a,running,i-06559a18f7bf4cd08,presto-risk-20180607,Linux,r4.2xlarge,EBS,10.28.100.40,54.223.215.145,,2018-06-07 08:06:26 UTC
10,cn-north-1,cn-north-1a,running,i-019e7f6304d0aa011,presto-risk-20180607,Linux,r4.2xlarge,EBS,10.28.100.86,54.222.187.76,,2018-06-07 08:06:26 UTC
11,cn-north-1,cn-north-1b,running,i-04f68e51cd4950d4a,janusgraph-server-t3,Linux,c4.xlarge,EBS,10.28.101.82,unassigned,,2018-11-23 05:53:56 UTC
12,cn-north-1,cn-north-1b,running,i-0f39be64efb68f14a,janusgraph-server-t2,Linux,c4.xlarge,EBS,10.28.101.110,unassigned,,2018-11-23 05:53:56 UTC
13,cn-north-1,cn-north-1a,running,i-02a8f966003d9c116,powerdns-authoritative-prod,Linux,t2.small,EBS,10.100.50.60,52.80.237.39,,2018-12-11 07:31:55 UTC
14,cn-north-1,cn-north-1b,running,i-66334cde,aito-svr-01,Linux,t2.medium,EBS,10.28.3.168,unassigned,,2015-11-16 18:26:06 UTC
15,cn-north-1,cn-north-1a,running,i-01209844b5ab22e2e,nodes2.test100.k8s.local,Linux,r3.xlarge,EBS,10.110.200.149,unassigned,,2018-11-08 12:49:34 UTC
16,cn-north-1,cn-north-1b,running,i-08b340ac63300d89a,es-snow-restore-data-04,Linux,m4.4xlarge,EBS,10.28.19.211,unassigned,,2019-03-19 07:52:07 UTC
17,cn-north-1,cn-north-1a,running,i-04fe4a63cd49c4872,uat.xh-prod.k8s.local,Linux,m4.2xlarge,EBS,10.28.30.196,unassigned,,2018-12-18 09:46:46 UTC
18,cn-north-1,cn-north-1b,running,i-00a97c3eee6a8d655,es-antifraud-prod-master-02,Linux,t2.medium,EBS,10.28.19.160,unassigned,,2018-05-29 01:45:23 UTC
19,cn-north-1,cn-north-1b,running,i-26725e9e,prod-buss_monitor,Linux,t2.micro,EBS,10.28.3.169,54.223.149.214,,2016-10-10 08:14:33 UTC
20,cn-north-1,cn-north-1a,running,i-0685aa6e46a08a06f,nodes.test100.k8s.local,Linux,r4.xlarge,EBS,10.110.200.186,unassigned,,2019-01-23 03:01:04 UTC
21,cn-north-1,cn-north-1b,running,i-0dc65ad11392cee43,m4-nodes.test100.k8s.local,Linux,m4.2xlarge,EBS,10.110.201.212,unassigned,,2019-03-04 23:18:36 UTC
22,cn-north-1,cn-north-1b,running,i-02275233de839621c,nodes.manage.k8s.local,Linux,c4.2xlarge,EBS,10.100.65.187,unassigned,,2019-03-08 12:11:46 UTC
23,cn-north-1,cn-north-1b,running,i-0fbfba246a14641a1,xh-svr14-02,Linux,m4.large,EBS,10.28.80.44,unassigned,,2018-06-05 03:59:29 UTC
24,cn-north-1,cn-north-1b,stopped,i-0171b7e7854c04c92,bs-test04,Linux,c4.xlarge,EBS,10.110.4.228,unassigned,,2018-06-08 02:30:18 UTC
25,cn-north-1,cn-north-1b,running,i-02e4c1241a165a4a5,Xh-test-spark-cluster-version2.3.0,Linux,r4.xlarge,EBS,10.110.87.87,unassigned,,2018-07-04 08:30:48 UTC
26,cn-north-1,cn-north-1a,running,i-01f36e549518476c7,es-snowplow-prod-data-03,Linux,r4.xlarge,EBS,10.28.18.131,unassigned,,2017-12-04 11:01:45 UTC
27,cn-north-1,cn-north-1a,running,i-7702004f,ldap,Linux,t2.small,EBS,10.100.50.152,unassigned,,2016-12-05 06:59:41 UTC
28,cn-north-1,cn-north-1a,running,i-0d896d175bd15ac08,es-1k-test-master-03,Linux,t2.medium,EBS,10.110.11.21,unassigned,,2018-05-18 05:42:23 UTC
29,cn-north-1,cn-north-1b,running,i-07e9c11adc22b93a2,janusgraph-loader-prod,Linux,c4.xlarge,EBS,10.28.101.125,unassigned,,2018-11-21 08:44:05 UTC
30,cn-north-1,cn-north-1a,running,i-018375ee67f10d8f8,xhqb-prod-hadoop-slave8,Linux,m4.2xlarge,EBS,10.28.100.169,52.80.47.200,,2018-05-28 02:09:36 UTC
31,cn-north-1,cn-north-1a,running,i-03512ce523ca7039e,presto-risk-kudu,Linux,r4.xlarge,EBS,10.28.100.74,52.80.28.15,,2018-11-19 06:41:28 UTC
32,cn-north-1,cn-north-1b,running,i-0a5710b781f11d147,elasticsearch-es-prod-data-12,Linux,r4.2xlarge,EBS,10.28.15.109,unassigned,,2017-06-14 12:05:16 UTC
33,cn-north-1,cn-north-1a,running,i-0c80609925b92bb7e,m4-nodes.test100.k8s.local,Linux,m4.2xlarge,EBS,10.110.200.202,unassigned,,2019-03-05 03:52:33 UTC
34,cn-north-1,cn-north-1a,running,i-0544cef57c2dfb13d,master-cn-north-1a-1.masters.xh-prod.k8s.local,Linux,m4.large,EBS,10.28.30.157,unassigned,,2018-11-13 07:20:11 UTC
35,cn-north-1,cn-north-1a,running,i-0f0e7816ca9e6d6ee,master-cn-north-1a-1.masters.test100.k8s.local,Linux,m4.large,EBS,10.110.200.71,unassigned,,2018-11-26 06:45:06 UTC
36,cn-north-1,cn-north-1a,running,i-08d7dfc41c9bfc9ca,ldap-2,Linux,t2.medium,EBS,10.100.50.219,unassigned,,2017-08-16 10:15:52 UTC
37,cn-north-1,cn-north-1a,running,i-02b71be4f5cb65c88,prometheus-test-tmp,Linux,t2.small,EBS,10.110.3.183,unassigned,,2019-03-21 06:36:48 UTC
38,cn-north-1,cn-north-1a,running,i-0ad19c324f7e9eee7,janusgraph-loader-test,Linux,r4.xlarge,EBS,10.110.32.103,unassigned,,2018-12-25 06:10:49 UTC
39,cn-north-1,cn-north-1a,running,i-01ffefe5d6a8f4ad2,master-cn-north-1a-2.masters.manage.k8s.local,Linux,m3.medium,EBS,10.100.64.8,unassigned,,2018-09-25 02:10:58 UTC
40,cn-north-1,cn-north-1b,running,i-0a5098691836ce7dd,es-snowplow-prod-data-02,Linux,r4.xlarge,EBS,10.28.19.130,unassigned,,2017-12-04 10:56:30 UTC
41,cn-north-1,cn-north-1a,running,i-053a471d911e117d8,es-snowplow-prod-data-01,Linux,r4.xlarge,EBS,10.28.18.130,unassigned,,2017-12-04 10:51:41 UTC
42,cn-north-1,cn-north-1a,running,i-03b93c4a5ceeca6f5,antifraud-spark-cluster-version2.3.0,Linux,r4.xlarge,EBS,10.28.100.120,52.80.116.255,,2018-12-28 02:19:45 UTC
43,cn-north-1,cn-north-1a,running,i-07a830421b4f7d5a9,xhqb-prod-hadoop-master,Linux,m4.2xlarge,EBS,10.28.100.218,52.80.152.161,,2017-12-20 03:37:10 UTC
44,cn-north-1,cn-north-1a,running,i-c6e0ccfe,prod-renhang-nginx,Linux,t2.medium,EBS,10.28.10.200,unassigned,,2016-08-06 03:02:46 UTC
45,cn-north-1,cn-north-1a,running,i-034d66d6e166732f6,node1.xh-prod.k8s.local,Linux,r4.2xlarge,EBS,10.28.30.34,unassigned,,2019-02-19 08:30:34 UTC
46,cn-north-1,cn-north-1a,running,i-f885dac0,prod-snowplow-collector-02,Linux,t2.small,EBS,10.28.6.224,54.222.205.12,,2016-05-17 09:03:56 UTC
47,cn-north-1,cn-north-1a,stopped,i-0042b8ffa724b23e5,elasticsearch-es-test-data-01,Linux,r4.xlarge,EBS,10.110.11.163,unassigned,,2018-12-20 06:05:47 UTC
48,cn-north-1,cn-north-1b,running,i-02d1e15da39731718,es-snow-restore-data-06,Linux,m4.4xlarge,EBS,10.28.19.212,unassigned,,2019-03-19 07:51:55 UTC
49,cn-north-1,cn-north-1a,running,i-07f40fb7fd56ad282,ldap-1,Linux,m3.medium,EBS,10.100.50.254,unassigned,,2016-12-13 02:16:14 UTC
50,cn-north-1,cn-north-1a,running,i-0e410836660d27623,ossec-server,Linux,t2.medium,EBS,10.100.50.187,unassigned,,2018-03-29 06:15:30 UTC
51,cn-north-1,cn-north-1b,running,i-05b87cc7496f59523,xh-svr14-nginx-02,Linux,t2.medium,EBS,10.28.80.244,unassigned,,2018-06-05 09:57:14 UTC
52,cn-north-1,cn-north-1b,running,i-09556d4efaade1510,nodes2.test100.k8s.local,Linux,r3.xlarge,EBS,10.110.201.216,unassigned,,2018-11-20 05:47:23 UTC
53,cn-north-1,cn-north-1a,running,i-f34b05cb,prod-cdn-1,Linux,m3.medium,EBS,10.8.12.16,54.222.164.112,ElasticIP,2016-11-09 18:34:34 UTC
54,cn-north-1,cn-north-1a,running,i-0d7af2f9b776e8795,nat-testxx,Linux,t2.micro,EBS,10.28.10.220,54.223.148.72,ElasticIP,2016-12-26 06:19:14 UTC
55,cn-north-1,cn-north-1a,running,i-07234ad1e8bd8ae32,gitlab-prod,Linux,m4.xlarge,EBS,10.100.50.188,unassigned,,2018-11-21 13:48:52 UTC
56,cn-north-1,cn-north-1b,running,i-074de2ddd794f16a8,windows-risk-2,Windows,c4.xlarge,EBS,10.28.202.203,unassigned,,2018-11-20 11:33:05 UTC
57,cn-north-1,cn-north-1b,running,i-09993dbb254a33250,rap-api,Linux,t2.small,EBS,10.100.51.254,unassigned,,2018-07-16 08:28:51 UTC
58,cn-north-1,cn-north-1a,stopped,i-d5201bed,manage/tower-a,Linux,m3.medium,EBS,10.100.50.38,unassigned,,2016-11-04 13:38:17 UTC
59,cn-north-1,cn-north-1b,running,i-063aa4b892e696d04,honeybot,Linux,t2.micro,EBS,10.28.80.94,unassigned,,2018-11-22 09:16:23 UTC
60,cn-north-1,cn-north-1a,running,i-0cab55c14e78c5804,elasticsearch-es-prod-data-09,Linux,r4.2xlarge,EBS,10.28.13.249,unassigned,,2017-06-14 10:59:29 UTC
61,cn-north-1,cn-north-1a,running,i-0188ce0229f67f36b,elasticsearch-es-prod-data-07,Linux,r4.2xlarge,EBS,10.28.13.191,unassigned,,2017-06-14 10:59:29 UTC
62,cn-north-1,cn-north-1a,running,i-0d60b71894a72e600,elasticsearch-es-prod-data-01,Linux,r4.2xlarge,EBS,10.28.13.23,unassigned,,2017-06-14 09:59:15 UTC
63,cn-north-1,cn-north-1a,running,i-0e7e52ce4b0ecdb9d,elasticsearch-es-prod-data-03,Linux,r4.2xlarge,EBS,10.28.13.124,unassigned,,2017-06-14 10:46:58 UTC
64,cn-north-1,cn-north-1a,running,i-0c27395788414c9cd,elasticsearch-es-prod-data-05,Linux,r4.2xlarge,EBS,10.28.13.156,unassigned,,2017-06-14 10:47:08 UTC
65,cn-north-1,cn-north-1a,running,i-0eadffd3e61141cf8,es-snow-restore-master-03,Linux,m4.2xlarge,EBS,10.28.18.201,unassigned,,2019-03-19 07:50:56 UTC
66,cn-north-1,cn-north-1a,stopped,i-bc90a184,dns-a,Linux,m3.medium,EBS,10.100.50.10,unassigned,,2016-09-23 05:04:02 UTC
67,cn-north-1,cn-north-1a,running,i-04a887c430ceb3615,prod-snowplow-enrich-03,Linux,m4.large,EBS,10.28.13.141,unassigned,,2018-07-26 11:44:23 UTC
68,cn-north-1,cn-north-1a,running,i-094429fd9734abcf0,prod-snowplow-enrich-04,Linux,m4.large,EBS,10.28.13.202,unassigned,,2017-06-16 11:49:35 UTC
69,cn-north-1,cn-north-1a,running,i-0c10d152ad7a6ee0f,xh-svr14-nginx-01,Linux,t2.medium,EBS,10.28.70.244,unassigned,,2018-06-05 09:54:23 UTC
70,cn-north-1,cn-north-1a,running,i-2429161c,xh-aws-vpn-manageVPC,Linux,m3.medium,EBS,10.100.1.5,52.81.87.4,,2018-11-01 14:50:31 UTC
71,cn-north-1,cn-north-1b,running,i-04c10bfb0552cc533,nodes3.manage.k8s.local,Linux,r4.xlarge,EBS,10.100.65.84,unassigned,,2019-02-21 02:39:02 UTC
72,cn-north-1,cn-north-1b,running,i-0ccdad52712b13b57,nodes3.manage.k8s.local,Linux,r4.xlarge,EBS,10.100.65.13,unassigned,,2019-02-21 02:39:02 UTC
73,cn-north-1,cn-north-1b,stopped,i-9af2c322,rstudio,Linux,r3.xlarge,EBS,10.28.202.134,unassigned,,2016-11-28 07:11:51 UTC
74,cn-north-1,cn-north-1a,running,i-0c9c7968267edf423,es-snowplow-prod-master-03,Linux,t2.medium,EBS,10.28.18.121,unassigned,,2017-12-01 08:01:42 UTC
75,cn-north-1,cn-north-1b,running,i-0a62ddc815ddf3716,Xh-test-spark-cluster-version2.3.0,Linux,r4.xlarge,EBS,10.110.87.180,unassigned,,2018-07-02 06:18:39 UTC
76,cn-north-1,cn-north-1b,running,i-0509cfa7cc021e7f4,elasticsearch-es-prod-data-02,Linux,r4.2xlarge,EBS,10.28.15.33,unassigned,,2017-06-14 10:59:29 UTC
77,cn-north-1,cn-north-1b,stopped,i-0152c6b4a31df7bf1,zhongchengxin-bigdata-app1,Linux,c4.2xlarge,EBS,10.28.101.85,unassigned,,2018-02-02 02:29:37 UTC
78,cn-north-1,cn-north-1b,stopped,i-01b0f2fab9e14b416,zhongchengxin-bigdata-app2,Linux,c4.2xlarge,EBS,10.28.101.212,unassigned,,2018-02-02 02:29:37 UTC
79,cn-north-1,cn-north-1a,running,i-0680e33fbdb7449b0,openvpn,Linux,t2.medium,EBS,10.100.1.253,54.223.167.222,ElasticIP,2017-10-18 03:27:45 UTC
80,cn-north-1,cn-north-1a,running,i-0f0d8b719e3969b42,bs-dfp-server-02,Linux,c4.large,EBS,10.28.6.83,unassigned,,2018-12-20 07:58:32 UTC
81,cn-north-1,cn-north-1a,running,i-009d08c338e982d7a,bs-mysql,Linux,t2.small,EBS,10.28.6.177,unassigned,,2018-05-24 10:34:42 UTC
82,cn-north-1,cn-north-1a,running,i-0a92c65770bc0c924,bs-dfp-mgr,Linux,t2.large,EBS,10.28.6.148,unassigned,,2018-05-24 10:28:23 UTC
83,cn-north-1,cn-north-1a,running,i-0c3ddf69affe82024,test2-nginx-v2,Linux,t2.small,EBS,10.110.0.42,52.80.98.44,ElasticIP,2018-02-27 02:34:59 UTC
84,cn-north-1,cn-north-1b,stopped,i-0531cd88be4f7e643,shence-login,Windows,t2.small,EBS,10.100.0.197,unassigned,,2018-08-17 08:34:47 UTC
85,cn-north-1,cn-north-1a,running,i-0fe05d93c79237307,uat.xh-prod.k8s.local,Linux,m4.2xlarge,EBS,10.28.30.198,unassigned,,2018-12-18 09:48:45 UTC
86,cn-north-1,cn-north-1a,running,i-0c756007a893c4a4f,nodes3.manage.k8s.local,Linux,r4.xlarge,EBS,10.100.64.90,unassigned,,2019-02-25 01:59:21 UTC
87,cn-north-1,cn-north-1b,running,i-037795b96704c022e,bs-dfp-server-01,Linux,c4.large,EBS,10.28.4.25,unassigned,,2018-12-20 07:51:41 UTC
88,cn-north-1,cn-north-1b,running,i-92e9b42a,XH-WEBAPP-03,Linux,m4.large,EBS,10.28.4.220,unassigned,,2016-11-07 15:40:05 UTC
89,cn-north-1,cn-north-1a,running,i-08293e64f804e76ce,master-cn-north-1a-3.masters.test100.k8s.local,Linux,m4.large,EBS,10.110.200.158,unassigned,,2018-11-06 08:11:38 UTC
90,cn-north-1,cn-north-1a,running,i-0fe970a14ac1d5573,antifraud-spark-cluster-version2.3.0,Linux,r4.2xlarge,EBS,10.28.100.148,52.80.176.78,,2019-03-05 05:20:37 UTC
91,cn-north-1,cn-north-1b,running,i-07d26a59a6370ff9f,kafka-es-prod-02,Linux,m4.large,EBS,10.28.15.151,unassigned,,2018-01-29 10:54:38 UTC
92,cn-north-1,cn-north-1a,running,i-001f7a97af90d168b,exhibitor-es-prod-01,Linux,t2.small,EBS,10.28.13.21,unassigned,,2018-08-03 12:17:08 UTC
93,cn-north-1,cn-north-1b,running,i-0752b805ef5b17113,redash-test,Linux,t2.medium,EBS,10.100.51.220,52.80.83.23,ElasticIP,2018-12-21 10:05:07 UTC
94,cn-north-1,cn-north-1a,running,i-0d2891b153e542679,exhibitor-es-test,Linux,t2.small,EBS,10.110.11.79,unassigned,,2017-06-28 06:18:07 UTC
95,cn-north-1,cn-north-1a,running,i-0f6f7b6ebe7b1ce3f,es-nginx-prod-data-01,Linux,r4.2xlarge,EBS,10.28.18.60,unassigned,,2017-10-12 06:04:13 UTC
96,cn-north-1,cn-north-1a,running,i-0af46ae24b6f92ff2,cdh-master-prod-02,Linux,m4.large,EBS,10.28.18.42,unassigned,,2018-10-31 08:02:25 UTC
97,cn-north-1,cn-north-1a,running,i-50447f68,spark-cluster-master,Linux,m3.xlarge,EBS,10.28.100.68,54.223.86.122,,2016-11-04 02:46:09 UTC
98,cn-north-1,cn-north-1a,running,i-dade82e2,UAT-NGINX,Linux,t2.medium,EBS,10.28.200.12,54.222.226.43,,2016-05-11 07:05:25 UTC
99,cn-north-1,cn-north-1a,running,i-0de0bccafd020ba31,alertmanager,Linux,t2.medium,EBS,10.100.50.43,unassigned,,2018-06-13 08:57:55 UTC
100,cn-north-1,cn-north-1a,running,i-02a9f39569d5722bc,presto_operate_master,Linux,m3.xlarge,EBS,10.28.100.145,54.223.231.70,,2017-04-27 02:52:43 UTC
101,cn-north-1,cn-north-1b,running,i-0296d6e73bd748cc1,bs-zk-kafka-03,Linux,r4.xlarge,EBS,10.28.4.76,unassigned,,2018-05-24 09:37:16 UTC
102,cn-north-1,cn-north-1b,running,i-0edb52bcc9699f9c2,bs-mongodb-02,Linux,r4.large,EBS,10.28.4.194,unassigned,,2018-12-20 08:21:30 UTC
103,cn-north-1,cn-north-1a,running,i-0baec394235f29a36,prometheus,Linux,r4.xlarge,EBS,10.100.50.92,unassigned,,2018-06-13 11:16:42 UTC
104,cn-north-1,cn-north-1b,running,i-02c737c84c98ab9fa,Xh-test-spark-cluster-version2.3.0,Linux,r4.xlarge,EBS,10.110.87.78,unassigned,,2018-07-02 06:18:39 UTC
105,cn-north-1,cn-north-1b,running,i-0de123e5d06fde0a5,Xh-test-spark-cluster-version2.3.0,Linux,r4.xlarge,EBS,10.110.87.213,unassigned,,2018-07-02 06:18:39 UTC
106,cn-north-1,cn-north-1a,running,i-08ba834eeb5f5261f,UAT-CDN-NGINX,Linux,t2.small,EBS,10.28.200.244,52.80.149.238,,2017-12-06 05:49:46 UTC
107,cn-north-1,cn-north-1b,running,i-05ee1793ce8f0e0d6,jenkins-docker-npm,Linux,t2.medium,EBS,10.100.51.60,unassigned,,2018-11-29 03:49:27 UTC
108,cn-north-1,cn-north-1a,running,i-0b3c105e7ad0ce2ea,uat.xh-prod.k8s.local,Linux,m4.2xlarge,EBS,10.28.30.32,unassigned,,2018-12-16 23:14:55 UTC
109,cn-north-1,cn-north-1a,stopped,i-059d11a958965ef51,dbaudit,Linux,m4.xlarge,EBS,10.100.50.62,unassigned,,2017-12-05 02:17:54 UTC
110,cn-north-1,cn-north-1a,running,i-09b00e0791ef913a6,cdh-manager-prod,Linux,r4.large,EBS,10.28.18.24,unassigned,,2018-10-30 10:15:03 UTC
111,cn-north-1,cn-north-1b,running,i-03f59f5aced279089,test-sftp-server,Linux,t2.medium,EBS,10.110.1.215,52.80.50.221,ElasticIP,2017-09-05 07:44:07 UTC
112,cn-north-1,cn-north-1a,running,i-02d9da52277eb1d3b,sftp-server,Linux,t2.medium,EBS,10.28.60.228,52.80.6.231,ElasticIP,2017-10-24 09:12:20 UTC
113,cn-north-1,cn-north-1a,running,i-08327cae351ebe2ac,presto-risk-kudu,Linux,m4.xlarge,EBS,10.28.100.59,52.80.218.73,,2018-11-19 06:41:28 UTC
114,cn-north-1,cn-north-1b,running,i-06aeed8c83da3af05,nodes.test100.k8s.local,Linux,r4.xlarge,EBS,10.110.201.40,unassigned,,2018-12-13 03:41:59 UTC
115,cn-north-1,cn-north-1a,running,i-847321bc,UAT-ZK,Linux,t2.medium,EBS,10.28.5.100,unassigned,,2016-04-25 12:07:20 UTC
116,cn-north-1,cn-north-1a,running,i-9c9e9fa4,risk-nat,Linux,t2.micro,EBS,10.28.10.61,54.223.119.214,,2016-11-28 09:34:40 UTC
117,cn-north-1,cn-north-1a,running,i-0dd4b6d6ad9b55b2e,nginx-prod04,Linux,m4.2xlarge,EBS,10.28.10.45,54.223.218.241,ElasticIP,2017-08-28 02:44:05 UTC
118,cn-north-1,cn-north-1a,running,i-8ef686b6,PROD-NAT-01,Linux,m3.medium,EBS,10.28.10.50,54.223.62.132,,2015-11-25 07:53:42 UTC
119,cn-north-1,cn-north-1b,running,i-185414a0,xh-aws-vpn,Linux,t2.medium,EBS,10.28.201.142,54.222.177.70,,2016-05-23 07:01:06 UTC
120,cn-north-1,cn-north-1a,running,i-616e5d59,nginx-prod03,Linux,m4.large,EBS,10.28.10.41,54.222.215.254,ElasticIP,2016-11-07 17:41:39 UTC
121,cn-north-1,cn-north-1b,running,i-0eed2dfd18abf382b,elasticsearch-es-prod-data-08,Linux,r4.2xlarge,EBS,10.28.15.192,unassigned,,2017-06-14 10:59:29 UTC
122,cn-north-1,cn-north-1b,running,i-03b6089a1fbe81103,elasticsearch-es-prod-data-04,Linux,r4.2xlarge,EBS,10.28.15.96,unassigned,,2017-06-14 10:59:29 UTC
123,cn-north-1,cn-north-1b,running,i-060368c071609eb48,elasticsearch-es-prod-data-10,Linux,r4.2xlarge,EBS,10.28.15.237,unassigned,,2017-06-14 11:36:39 UTC
124,cn-north-1,cn-north-1b,running,i-0c43345286e5f0a34,elasticsearch-es-prod-data-06,Linux,r4.2xlarge,EBS,10.28.15.115,unassigned,,2017-06-14 10:59:29 UTC
125,cn-north-1,cn-north-1a,running,i-0e3dfd9df21311cf9,es-snow-restore-data-03,Linux,m4.4xlarge,EBS,10.28.18.211,unassigned,,2019-03-19 07:51:55 UTC
126,cn-north-1,cn-north-1a,running,i-558fb96d,repo,Linux,t2.medium,EBS,10.100.50.116,unassigned,,2016-09-19 12:12:06 UTC
127,cn-north-1,cn-north-1a,running,i-02c4c767d25f9d250,elasticsearch-es-prod-master-03,Linux,m4.large,EBS,10.28.13.137,unassigned,,2017-07-11 10:39:20 UTC
128,cn-north-1,cn-north-1a,running,i-071176c1a44107e54,elasticsearch-es-prod-master-01,Linux,m4.large,EBS,10.28.13.8,unassigned,,2017-07-11 10:39:14 UTC
129,cn-north-1,cn-north-1a,running,i-0b5761c5ef1af8d13,elasticsearch-es-prod-master-02,Linux,m4.large,EBS,10.28.13.69,unassigned,,2017-07-11 10:39:25 UTC
130,cn-north-1,cn-north-1a,running,i-094d80ae0b75d3e31,node1.xh-prod.k8s.local,Linux,r4.2xlarge,EBS,10.28.30.141,unassigned,,2018-11-28 07:34:40 UTC
131,cn-north-1,cn-north-1a,running,i-0df811fe8bfa26511,grafana,Linux,t2.medium,EBS,10.100.50.4,unassigned,,2018-06-13 06:11:21 UTC
132,cn-north-1,cn-north-1b,running,i-09df89cb95d1b22fa,es-snowplow-prod-master-02,Linux,t2.medium,EBS,10.28.19.120,unassigned,,2017-12-01 07:31:29 UTC
133,cn-north-1,cn-north-1a,stopped,i-09c6c4281146f722f,snr-data-es,Linux,c4.xlarge,EBS,10.28.6.245,unassigned,,2017-11-22 02:41:02 UTC
134,cn-north-1,cn-north-1a,stopped,i-0778dde1e1ed20766,db-audit,Linux,m4.large,EBS,10.100.1.252,unassigned,,2018-08-07 03:09:20 UTC
135,cn-north-1,cn-north-1b,running,i-004059310685b14f9,es-snr-prod-data-02,Linux,r4.xlarge,EBS,10.28.19.110,unassigned,,2018-07-04 13:51:15 UTC
136,cn-north-1,cn-north-1a,running,i-05a8840c3a4fe9e75,test2-dubbo-v2,Linux,t2.medium,EBS,10.110.3.52,unassigned,,2017-11-01 03:38:32 UTC
137,cn-north-1,cn-north-1a,running,i-08caeffb8ddb90cb6,XH-Zeppelin-BeiAn-ShenHe,Linux,m4.xlarge,EBS,10.28.100.147,52.80.107.47,,2018-10-31 12:50:44 UTC
138,cn-north-1,cn-north-1a,running,i-0c5667afe2ba6e7f8,XH-Zeppelin-BeiAn-ShenHe,Linux,m4.xlarge,EBS,10.28.100.189,52.80.232.239,,2018-10-31 12:50:44 UTC
139,cn-north-1,cn-north-1b,running,i-024feafa2e2d7547b,gjh-demo,Linux,t2.medium,EBS,10.100.0.128,52.80.240.75,,2019-03-14 02:43:49 UTC
140,cn-north-1,cn-north-1b,running,i-a2bded1a,prod-frontend-pub,Linux,t2.medium,EBS,10.28.3.86,unassigned,,2016-06-22 06:13:54 UTC
141,cn-north-1,cn-north-1a,running,i-0a91973bc9e161dfa,presto_risk_slave2,Linux,m3.xlarge,EBS,10.28.100.128,54.223.242.124,,2017-05-04 12:10:20 UTC
142,cn-north-1,cn-north-1b,stopped,i-088a575d63f883020,cccode-test,Linux,t2.medium,EBS,10.110.33.231,unassigned,,2017-10-18 09:55:23 UTC
143,cn-north-1,cn-north-1b,stopped,i-03abb6d79403aa6a8,zhongchengxin-neo4j,Linux,r4.4xlarge,EBS,10.28.101.142,unassigned,,2018-01-26 06:21:37 UTC
144,cn-north-1,cn-north-1b,running,i-0d17e1ee936ee499d,nodes.manage.k8s.local,Linux,c4.2xlarge,EBS,10.100.65.52,unassigned,,2019-03-18 07:10:05 UTC
145,cn-north-1,cn-north-1a,running,i-156b472d,prod-proxy-renhang-nginx-3,Linux,t2.small,EBS,10.28.10.204,52.80.222.88,,2019-02-01 03:34:25 UTC
146,cn-north-1,cn-north-1b,running,i-0cd9d1471174883e2,kafka-es-test-02,Linux,t2.medium,EBS,10.110.12.17,unassigned,,2018-01-15 10:27:48 UTC
147,cn-north-1,cn-north-1b,running,i-77334ccf,xh-ecn01,Linux,m4.large,EBS,172.28.8.4,54.223.93.209,ElasticIP,2016-11-17 16:50:01 UTC
148,cn-north-1,cn-north-1a,running,i-0e90e6b96e5930540,exhibitor-es-prod-01,Linux,t2.small,EBS,10.28.13.72,unassigned,,2018-11-17 21:05:29 UTC
149,cn-north-1,cn-north-1a,running,i-016d64a90836986f0,bs-mongodb-01,Linux,r4.large,EBS,10.28.6.199,unassigned,,2018-12-20 08:14:06 UTC
150,cn-north-1,cn-north-1a,running,i-06aabfbf528f1e390,bs-zk-kafka-01,Linux,r4.xlarge,EBS,10.28.6.176,unassigned,,2018-05-24 09:17:26 UTC
151,cn-north-1,cn-north-1a,running,i-0ce3ab5cdc39a7bdb,emr-r3-2xlarge,Linux,r3.2xlarge,EBS,10.28.100.215,52.80.29.85,,2017-05-19 09:55:49 UTC
152,cn-north-1,cn-north-1b,stopped,i-09edd080c76e2c6d3,bs-test01,Linux,c4.xlarge,EBS,10.110.4.125,unassigned,,2018-05-30 06:46:03 UTC
153,cn-north-1,cn-north-1b,stopped,i-0f93db28d4dac424f,bs-test02,Linux,c4.xlarge,EBS,10.110.4.156,unassigned,,2018-05-30 06:46:03 UTC
154,cn-north-1,cn-north-1b,stopped,i-0f257d7a412a452b4,bs-test03,Linux,c4.xlarge,EBS,10.110.4.217,unassigned,,2018-05-30 06:46:03 UTC
155,cn-north-1,cn-north-1b,running,i-00d27ac78c904e12d,risk-rules-01,Linux,t2.small,EBS,10.28.202.204,unassigned,,2017-06-13 05:58:31 UTC
156,cn-north-1,cn-north-1b,stopped,i-079df092b3c91c205,redash-new-version,Linux,t2.small,EBS,10.100.51.212,unassigned,,2018-12-19 08:09:33 UTC
157,cn-north-1,cn-north-1b,running,i-0738e01b64c0eb89d,jenkins-docker-slave-v2,Linux,c4.2xlarge,EBS,10.100.51.98,unassigned,,2019-03-07 14:26:44 UTC
158,cn-north-1,cn-north-1b,running,i-055176686e89a808c,nodes2.test100.k8s.local,Linux,r3.xlarge,EBS,10.110.201.169,unassigned,,2018-11-12 10:11:29 UTC
159,cn-north-1,cn-north-1a,running,i-f6e0ccce,prod-renhang-2,Linux,t2.medium,EBS,10.28.16.249,54.223.245.25,ElasticIP,2016-08-06 02:51:30 UTC
160,cn-north-1,cn-north-1a,running,i-0e4a1ab1917bf18a5,uat-svr14,Linux,m4.large,EBS,10.28.110.103,unassigned,,2018-05-30 02:50:21 UTC
161,cn-north-1,cn-north-1a,running,i-0fc3fa37,prod-cdn-2,Linux,m3.medium,EBS,10.8.12.17,54.223.60.110,ElasticIP,2016-10-28 06:44:42 UTC
162,cn-north-1,cn-north-1a,running,i-7b8ac943,logserver,Linux,m4.large,EBS,10.28.2.200,unassigned,,2018-05-12 08:55:32 UTC
163,cn-north-1,cn-north-1a,running,i-0aa32695095b7648a,spark_json_parse_20181101,Linux,m4.xlarge,EBS,10.28.100.166,52.80.194.69,,2018-11-01 06:36:19 UTC
164,cn-north-1,cn-north-1a,running,i-0ea8e5a70fe488379,spark_json_parse_20181101,Linux,m4.xlarge,EBS,10.28.100.81,52.80.235.11,,2018-11-01 06:36:19 UTC
165,cn-north-1,cn-north-1a,running,i-07e42fea72f7f49bf,es-snow-restore-master-01,Linux,m4.2xlarge,EBS,10.28.18.200,unassigned,,2019-03-19 07:50:26 UTC
166,cn-north-1,cn-north-1a,running,i-07ddd5b2c9e5c42b9,es-nginx-prod-master-01,Linux,t2.medium,EBS,10.28.18.25,unassigned,,2017-09-29 02:46:47 UTC
167,cn-north-1,cn-north-1b,running,i-0b81ce96ef820e8d1,es-1k-test-master-02,Linux,t2.medium,EBS,10.110.12.20,unassigned,,2018-05-18 05:42:23 UTC
168,cn-north-1,cn-north-1b,running,i-012a3fbd05e6395c4,es-nginx-prod-data-02,Linux,r4.2xlarge,EBS,10.28.19.60,unassigned,,2017-10-12 06:03:06 UTC
169,cn-north-1,cn-north-1b,running,i-0889cfb0,yumrepo,Linux,t2.micro,EBS,10.28.1.187,54.222.133.35,,2016-02-17 11:10:29 UTC
170,cn-north-1,cn-north-1a,running,i-c12205f9,prod-proxy-renhang-nginx-1,Linux,t2.micro,EBS,10.28.10.202,52.81.40.63,,2019-02-01 08:38:37 UTC
171,cn-north-1,cn-north-1a,running,i-035b0feb5dc9c5735,bigdata.xh-prod.k8s.local,Linux,m4.2xlarge,EBS,10.28.30.252,unassigned,,2019-02-21 20:34:15 UTC
172,cn-north-1,cn-north-1a,running,i-0fef9baddbc28a26d,snowplow-stream-test,Linux,t2.medium,EBS,10.110.3.40,unassigned,,2018-05-30 10:05:33 UTC
173,cn-north-1,cn-north-1b,running,i-022ecaaff6fe6d583,uat.xh-prod.k8s.local,Linux,m4.2xlarge,EBS,10.28.31.154,unassigned,,2018-11-26 09:07:08 UTC
174,cn-north-1,cn-north-1b,running,i-0c0d469036d5b3bbb,unnamed,Linux,t2.micro,EBS,10.110.101.63,unassigned,,2018-08-13 07:40:57 UTC
175,cn-north-1,cn-north-1a,running,i-0ddbf56888621fff0,test-airflow-scheduler,Linux,m3.medium,EBS,10.28.2.183,unassigned,,2017-10-24 08:08:10 UTC
176,cn-north-1,cn-north-1b,running,i-f1153e49,manage/tower-b,Linux,m3.medium,EBS,10.100.51.38,unassigned,,2016-11-04 15:48:56 UTC
177,cn-north-1,cn-north-1a,running,i-091a4ffb096ebdd02,XH-SVR-ADD-appserver,Linux,m4.large,EBS,10.28.6.193,unassigned,,2017-10-27 04:03:47 UTC
178,cn-north-1,cn-north-1a,running,i-01ca3e46c0eeb589e,cdh-node-prod,Linux,r4.xlarge,EBS,10.28.18.88,unassigned,,2018-10-31 07:47:55 UTC
179,cn-north-1,cn-north-1a,running,i-0b6cd2a8226450f5f,cdh-node-prod,Linux,r4.xlarge,EBS,10.28.18.55,unassigned,,2018-10-31 07:47:55 UTC
180,cn-north-1,cn-north-1b,running,i-044016d05dc93311d,windows-risk,Windows,m4.2xlarge,EBS,10.28.202.104,52.80.116.166,,2018-10-08 11:23:03 UTC
181,cn-north-1,cn-north-1b,running,i-0a7daf8e6431ae0be,nodem3.xh-prod.k8s.local,Linux,m3.xlarge,EBS,10.28.31.117,unassigned,,2018-11-13 10:13:51 UTC
182,cn-north-1,cn-north-1a,running,i-008b4b0825c3d995e,ctcf-account,Linux,r4.xlarge,EBS,10.110.3.236,unassigned,,2018-05-17 07:58:56 UTC
183,cn-north-1,cn-north-1a,running,i-0e6923928ebbbc99b,presto_risk,Linux,m3.xlarge,EBS,10.28.100.129,54.222.195.44,,2018-07-13 10:15:57 UTC
184,cn-north-1,cn-north-1b,running,i-0edc096a4d4a83b09,nodes2.manage.k8s.local,Linux,m4.xlarge,EBS,10.100.65.19,unassigned,,2018-12-11 02:36:18 UTC
185,cn-north-1,cn-north-1b,running,i-67e3a8df,prod-snowplow-enrich-02,Linux,m4.large,EBS,10.28.15.100,unassigned,,2016-12-20 03:41:04 UTC
186,cn-north-1,cn-north-1a,running,i-08e6fc499ae6bcac0,ccdoe-prod,Linux,m4.large,EBS,10.28.6.133,unassigned,,2017-10-24 02:55:14 UTC
187,cn-north-1,cn-north-1a,running,i-0d74798a156349d3f,ccdoe-prod,Linux,m4.large,EBS,10.28.6.105,unassigned,,2017-10-24 02:55:14 UTC
188,cn-north-1,cn-north-1b,running,i-0e74bb63fea2ed72a,activiti-prod,Linux,t2.micro,EBS,10.28.4.116,unassigned,,2017-05-24 06:24:23 UTC
189,cn-north-1,cn-north-1a,running,i-0c49836ae1c45e6ca,boston-a,Linux,r4.large,EBS,10.100.1.10,52.80.210.180,,2018-12-19 11:05:42 UTC
190,cn-north-1,cn-north-1b,running,i-00dc41ec8ac6600da,bs-zk-kafka-02,Linux,r4.xlarge,EBS,10.28.4.61,unassigned,,2018-05-24 09:28:43 UTC
191,cn-north-1,cn-north-1a,running,i-085306946cc2d6541,presto_risk,Linux,m3.xlarge,EBS,10.28.100.31,52.81.68.73,,2018-10-26 03:55:07 UTC
192,cn-north-1,cn-north-1a,running,i-02c06db6d0a72fd4d,presto-risk-kudu,Linux,r4.xlarge,EBS,10.28.100.70,52.81.12.37,,2019-03-18 06:17:58 UTC
193,cn-north-1,cn-north-1a,running,i-027b9f3c680844abb,presto-risk-kudu,Linux,r4.xlarge,EBS,10.28.100.103,52.80.239.104,,2019-03-18 06:17:58 UTC
194,cn-north-1,cn-north-1a,stopped,i-03a368eb27267a393,publish-system-dev,Linux,t2.small,EBS,10.100.50.100,54.223.120.155,ElasticIP,2017-04-18 06:17:24 UTC
195,cn-north-1,cn-north-1a,running,i-66c5e95e,prod-proxy-renhang-nginx-4,Linux,t2.small,EBS,10.28.10.205,52.81.84.98,,2019-03-02 00:06:57 UTC
196,cn-north-1,cn-north-1a,running,i-0e28693b3f72dca89,node2.xh-prod.k8s.local,Linux,m4.2xlarge,EBS,10.28.30.227,unassigned,,2018-11-28 07:48:56 UTC
197,cn-north-1,cn-north-1a,running,i-0dfa5984be34bd1b4,XH-WEBAPP-09,Linux,m4.xlarge,EBS,10.28.6.221,unassigned,,2018-07-04 07:37:00 UTC
198,cn-north-1,cn-north-1a,running,i-0a74991dbf4c359a3,nodes2.test100.k8s.local,Linux,r3.xlarge,EBS,10.110.200.162,unassigned,,2018-11-12 08:11:18 UTC
199,cn-north-1,cn-north-1a,running,i-0e50c870bf09e910e,es-antifraud-prod-master-03,Linux,t2.medium,EBS,10.28.18.161,unassigned,,2018-05-29 01:45:23 UTC
200,cn-north-1,cn-north-1b,running,i-051d19a8e2b9d1770,es-snow-restore-data-10,Linux,m4.4xlarge,EBS,10.28.19.214,unassigned,,2019-03-19 07:52:08 UTC
201,cn-north-1,cn-north-1a,running,i-07ea9c2382d594195,es-nginx-prod-master-03,Linux,t2.medium,EBS,10.28.18.26,unassigned,,2017-09-29 02:55:41 UTC
202,cn-north-1,cn-north-1a,running,i-0515646e5cdf45681,master-cn-north-1a-2.masters.test100.k8s.local,Linux,m4.large,EBS,10.110.200.152,unassigned,,2018-11-06 08:04:16 UTC
203,cn-north-1,cn-north-1b,running,i-0acfec76cbf84b1de,nodes.test100.k8s.local,Linux,r4.xlarge,EBS,10.110.201.58,unassigned,,2019-01-11 02:54:19 UTC
204,cn-north-1,cn-north-1b,running,i-021326640fbfd0f0d,nodes2.manage.k8s.local,Linux,m4.xlarge,EBS,10.100.65.54,unassigned,,2019-02-15 05:56:05 UTC
205,cn-north-1,cn-north-1b,running,i-043ba9688cea15da8,es-snow-restore-data-08,Linux,m4.4xlarge,EBS,10.28.19.213,unassigned,,2019-03-19 07:51:37 UTC
206,cn-north-1,cn-north-1a,running,i-0ecfa10c4f3b29478,presto-risk-slave10,Linux,m3.xlarge,EBS,10.28.100.202,54.223.223.173,,2018-06-08 02:47:55 UTC
207,cn-north-1,cn-north-1a,running,i-09992faa89caf7201,presto_risk,Linux,m3.xlarge,EBS,10.28.100.26,54.223.237.17,,2018-06-08 02:47:55 UTC
208,cn-north-1,cn-north-1a,running,i-0b87cc840af3c8cf4,nodes.test100.k8s.local,Linux,r4.xlarge,EBS,10.110.200.113,unassigned,,2018-12-28 05:54:07 UTC
209,cn-north-1,cn-north-1b,running,i-1197bea9,xh-aws-vpn-testVPC,Linux,m3.medium,EBS,10.110.1.5,54.222.152.239,,2016-10-28 12:43:41 UTC
210,cn-north-1,cn-north-1a,running,i-79c6f841,jumper-server,Linux,t2.medium,EBS,10.28.2.235,unassigned,,2018-04-28 06:54:50 UTC
211,cn-north-1,cn-north-1b,running,i-032b90f7888ba8333,antifraud-snowplow-collector-02,Linux,t2.medium,EBS,10.28.4.180,52.81.105.64,,2018-10-12 08:40:39 UTC
212,cn-north-1,cn-north-1a,running,i-027ad6789b3b9251b,XH-Zeppelin-BeiAn-ShenHe,Linux,m4.xlarge,EBS,10.28.100.132,52.81.62.9,,2018-10-31 12:50:44 UTC
213,cn-north-1,cn-north-1a,running,i-02076411f5a478ffb,antifraud-spark-cluster-version2.3.0,Linux,r4.xlarge,EBS,10.28.100.213,52.81.89.177,,2018-09-30 05:59:52 UTC
214,cn-north-1,cn-north-1a,running,i-0445ec61d98094fdc,xh-ztx-vpn,Linux,m3.medium,EBS,172.29.0.93,54.223.252.188,ElasticIP,2017-08-07 10:38:25 UTC
215,cn-north-1,cn-north-1b,running,i-fe99b846,XH-WEBAPP-05,Linux,m4.large,EBS,10.28.4.225,unassigned,,2016-11-07 16:34:02 UTC
216,cn-north-1,cn-north-1a,running,i-66f9895e,nginx-prod02,Linux,m4.large,EBS,10.28.10.40,54.223.96.95,ElasticIP,2016-11-14 16:07:13 UTC
217,cn-north-1,cn-north-1a,running,i-5af98962,nginx-prod01,Linux,m4.large,EBS,10.28.10.39,54.223.91.206,ElasticIP,2018-05-25 01:57:52 UTC
218,cn-north-1,cn-north-1a,running,i-0bf0e67f15528145c,presto_risk_slave7,Linux,m3.xlarge,EBS,10.28.100.138,52.80.18.218,,2017-09-22 08:03:41 UTC
219,cn-north-1,cn-north-1a,running,i-02447c6f2e499aa74,presto_risk_slave9,Linux,m3.xlarge,EBS,10.28.100.234,52.80.124.147,,2017-09-22 08:03:41 UTC
220,cn-north-1,cn-north-1a,running,i-056928cc052eb5b8c,presto_risk_slave8,Linux,m3.xlarge,EBS,10.28.100.90,52.80.116.218,,2017-09-22 08:03:41 UTC
221,cn-north-1,cn-north-1a,running,i-0d09717ba52ac792a,kafka-es-prod-03,Linux,m4.large,EBS,10.28.13.152,unassigned,,2018-01-29 10:46:33 UTC
222,cn-north-1,cn-north-1a,running,i-0622874753ec7a737,es-1k-test-master-01,Linux,t2.medium,EBS,10.110.11.20,unassigned,,2018-05-18 05:42:23 UTC
223,cn-north-1,cn-north-1a,running,i-0209b710465fe77a3,nodes2.test100.k8s.local,Linux,r3.xlarge,EBS,10.110.200.22,unassigned,,2018-11-12 08:03:26 UTC
224,cn-north-1,cn-north-1b,running,i-7ceaa1c4,prod-snowplow-collector-01,Linux,m4.large,EBS,10.28.4.224,52.81.51.242,,2019-01-04 08:39:26 UTC
225,cn-north-1,cn-north-1a,running,i-63a4fa5b,pt-nat,Linux,t2.micro,EBS,10.28.10.183,54.222.174.207,,2016-05-25 07:49:37 UTC
226,cn-north-1,cn-north-1a,running,i-01b18bf3972453985,spark-cluster-slave3,Linux,m3.xlarge,EBS,10.28.100.135,54.223.27.71,,2017-03-07 09:18:06 UTC
227,cn-north-1,cn-north-1a,running,i-0ef286de46b8ca9a1,spark-cluster-slave4,Linux,m3.xlarge,EBS,10.28.100.9,54.223.148.155,,2017-03-07 09:18:06 UTC
228,cn-north-1,cn-north-1a,running,i-c0b0e1f8,nginx-prod03-teluwManager,Linux,t2.small,EBS,10.28.50.171,54.223.227.193,ElasticIP,2018-10-27 07:45:31 UTC
229,cn-north-1,cn-north-1a,running,i-a23a019a,spark-cluster-slave1,Linux,m3.xlarge,EBS,10.28.100.254,54.222.198.245,,2016-11-04 02:46:09 UTC
230,cn-north-1,cn-north-1a,running,i-a33a019b,spark-cluster-slave2,Linux,m3.xlarge,EBS,10.28.100.253,54.222.240.58,,2016-11-04 02:46:09 UTC
231,cn-north-1,cn-north-1a,running,i-01831e0676fdd2ce1,xunfeng,Linux,t2.medium,EBS,10.100.50.47,unassigned,,2017-11-08 09:48:29 UTC
232,cn-north-1,cn-north-1b,running,i-0fb16c2945100ff93,nfs-server,Linux,t2.medium,EBS,10.28.19.93,unassigned,,2018-03-29 05:57:04 UTC
233,cn-north-1,cn-north-1b,running,i-091cd88d5122a490e,hive-test-03,Linux,r4.large,EBS,10.100.51.197,unassigned,,2019-02-28 03:14:38 UTC
234,cn-north-1,cn-north-1b,running,i-033cee19d4392dd2f,hive-test-02,Linux,r4.large,EBS,10.100.51.241,unassigned,,2019-02-28 03:14:38 UTC
235,cn-north-1,cn-north-1b,running,i-02e762641414d0d18,hive-test-01,Linux,r4.large,EBS,10.100.51.15,unassigned,,2019-02-28 03:14:38 UTC
236,cn-north-1,cn-north-1a,running,i-0e2a8ac9c0b620a1f,api-ops,Linux,t2.large,EBS,10.100.50.82,unassigned,,2018-01-05 02:59:24 UTC
237,cn-north-1,cn-north-1b,running,i-0ca39d3411258d8e2,XH-SVR9-01,Linux,t2.small,EBS,10.28.11.100,52.80.136.236,,2019-03-21 06:40:49 UTC
238,cn-north-1,cn-north-1a,running,i-0f25ed01c7af22f19,test3-nginx-v2,Linux,t2.small,EBS,10.110.0.43,52.80.138.152,ElasticIP,2018-10-27 10:18:59 UTC
239,cn-north-1,cn-north-1b,stopped,i-0a92095a5d01939a6,ml-gpu-test,Linux,p2.xlarge,EBS,10.110.33.10,unassigned,,2018-10-16 11:50:32 UTC
240,cn-north-1,cn-north-1a,running,i-004c5c65f60eb53f8,lptest,Linux,t2.medium,EBS,10.100.50.202,unassigned,,2018-07-12 04:12:13 UTC
241,cn-north-1,cn-north-1a,running,i-0832a3e23d1244261,nodes2.manage.k8s.local,Linux,m4.xlarge,EBS,10.100.64.139,unassigned,,2018-12-11 03:03:06 UTC
242,cn-north-1,cn-north-1a,running,i-0ac5f707ec4325b5d,cdh-master-prod-03,Linux,m4.large,EBS,10.28.18.43,unassigned,,2018-10-31 08:03:08 UTC
243,cn-north-1,cn-north-1b,running,i-0c115b901e3b724e3,uat.xh-prod.k8s.local,Linux,m4.2xlarge,EBS,10.28.31.95,unassigned,,2018-12-18 09:46:46 UTC
244,cn-north-1,cn-north-1a,running,i-0ce88cace5744fb53,test-haproxy-ztx,Linux,t2.small,EBS,172.29.30.130,unassigned,,2017-09-04 08:26:47 UTC
245,cn-north-1,cn-north-1a,running,i-0fa7b4230fda1f638,antifraud-spark-cluster-version2.3.0,Linux,r4.xlarge,EBS,10.28.100.199,54.223.25.113,,2018-06-30 06:43:27 UTC
246,cn-north-1,cn-north-1a,running,i-08ed1cc5c3356eafe,antifraud-spark-cluster-version2.3.0,Linux,r4.xlarge,EBS,10.28.100.220,54.222.171.32,,2018-06-30 06:43:27 UTC
247,cn-north-1,cn-north-1a,running,i-0a15edbaa4debb4d3,antifraud-spark-cluster-version2.3.0,Linux,r4.xlarge,EBS,10.28.100.141,54.222.139.235,,2018-06-30 06:43:27 UTC
248,cn-north-1,cn-north-1a,running,i-0f19233b4d2ea7217,antifraud-spark-cluster-version2.3.0,Linux,r4.xlarge,EBS,10.28.100.27,54.222.130.95,,2018-06-30 06:43:27 UTC
249,cn-north-1,cn-north-1b,running,i-0ef2dee3956b1fd07,node1.xh-prod.k8s.local,Linux,r4.2xlarge,EBS,10.28.31.91,unassigned,,2018-11-28 07:34:40 UTC
250,cn-north-1,cn-north-1a,stopped,i-01a849b9fb61efe0b,autotest,Linux,t2.micro,EBS,10.110.32.188,unassigned,,2017-03-31 09:58:18 UTC
251,cn-north-1,cn-north-1b,running,i-03590c81de96cf021,nodem3.xh-prod.k8s.local,Linux,m3.xlarge,EBS,10.28.31.203,unassigned,,2018-11-13 10:40:57 UTC
252,cn-north-1,cn-north-1b,running,i-4db2ccf5,xh-ecn02,Linux,m4.large,EBS,172.28.8.41,54.223.108.60,ElasticIP,2016-11-07 17:58:43 UTC
253,cn-north-1,cn-north-1a,running,i-0e49559498d35ba07,log-format,Linux,c4.xlarge,EBS,10.100.50.48,unassigned,,2018-09-12 12:23:14 UTC
254,cn-north-1,cn-north-1a,running,i-2457661c,mysql-prod-backup,Linux,t2.small,EBS,10.28.2.99,unassigned,,2016-10-28 11:27:16 UTC
255,cn-north-1,cn-north-1b,running,i-79ecc0c1,XH-WEBAPP-06,Linux,m4.large,EBS,10.28.4.226,54.223.67.189,,2016-10-12 05:50:33 UTC
256,cn-north-1,cn-north-1a,running,i-048a549ba4692ee10,agileops,Linux,t2.medium,EBS,10.100.50.50,unassigned,,2017-09-28 08:30:48 UTC
257,cn-north-1,cn-north-1a,running,i-7f597c47,prod-nat-renhang,Linux,t2.micro,EBS,10.28.10.180,54.222.233.52,,2016-07-01 12:51:12 UTC
258,cn-north-1,cn-north-1a,running,i-0b1b78561e7c2c1b5,xhqb-datawarehouse,Linux,r4.xlarge,EBS,10.28.100.35,52.81.38.103,,2019-03-19 03:32:55 UTC
259,cn-north-1,cn-north-1a,running,i-0d3832fad81cb7737,xhqb-datawarehouse,Linux,r4.xlarge,EBS,10.28.100.114,52.81.101.121,,2019-03-19 03:32:55 UTC
260,cn-north-1,cn-north-1a,running,i-04035594e41db62b3,xhqb-datawarehouse,Linux,r4.xlarge,EBS,10.28.100.110,52.81.83.250,,2019-03-19 03:32:55 UTC
261,cn-north-1,cn-north-1a,running,i-0cb447e57d6cb2142,xhqb-datawarehouse,Linux,r4.xlarge,EBS,10.28.100.140,52.81.78.38,,2019-03-19 03:32:55 UTC
262,cn-north-1,cn-north-1b,running,i-0a80ddc5470066f13,es-snow-restore-data-12,Linux,m4.4xlarge,EBS,10.28.19.215,unassigned,,2019-03-19 07:51:55 UTC
263,cn-north-1,cn-north-1b,running,i-00326a5bc81f80c6e,node2.xh-prod.k8s.local,Linux,m4.2xlarge,EBS,10.28.31.18,unassigned,,2019-01-07 09:06:00 UTC
264,cn-north-1,cn-north-1b,running,i-0bdc8389de0114d02,node2.xh-prod.k8s.local,Linux,m4.2xlarge,EBS,10.28.31.149,unassigned,,2019-01-07 09:06:00 UTC
265,cn-north-1,cn-north-1a,running,i-0a00627707ece223d,test6-nginx-v2,Linux,t2.small,EBS,10.110.0.46,54.223.70.10,,2017-11-02 09:51:51 UTC
266,cn-north-1,cn-north-1a,running,i-07ed2860f9d5487fb,stest-client1,Linux,t2.medium,EBS,10.110.3.115,unassigned,,2018-07-31 02:40:04 UTC
267,cn-north-1,cn-north-1a,running,i-0cac1d6d6b00f78e6,es-snow-restore-data-01,Linux,m4.4xlarge,EBS,10.28.18.210,unassigned,,2019-03-19 07:53:48 UTC
268,cn-north-1,cn-north-1b,running,i-081f1d13f137e3661,nodes2.test100.k8s.local,Linux,r3.xlarge,EBS,10.110.201.151,unassigned,,2018-11-12 10:01:11 UTC
269,cn-north-1,cn-north-1a,running,i-07845e502fd90258f,uat2.xh-prod.k8s.local,Linux,m3.2xlarge,EBS,10.28.30.120,unassigned,,2018-11-13 09:09:20 UTC
270,cn-north-1,cn-north-1a,running,i-06629b5521a57561b,master-cn-north-1a-1.masters.manage.k8s.local,Linux,m3.medium,EBS,10.100.64.62,unassigned,,2019-03-01 09:38:01 UTC
271,cn-north-1,cn-north-1b,running,i-ee97a456,elasticsearch-antifraud-data-01,Linux,r3.2xlarge,EBS,10.28.15.233,unassigned,,2016-12-07 06:59:24 UTC
272,cn-north-1,cn-north-1b,running,i-1197a4a9,elasticsearch-antifraud-data-02,Linux,r3.2xlarge,EBS,10.28.15.234,unassigned,,2016-12-07 06:59:24 UTC
273,cn-north-1,cn-north-1a,stopped,i-081667f6893a74f99,artifactory-v2,Linux,t2.micro,EBS,10.100.50.182,unassigned,,2017-06-06 10:28:35 UTC
274,cn-north-1,cn-north-1a,running,i-0b6bd67ccdd6fec97,nodem3.xh-prod.k8s.local,Linux,m3.xlarge,EBS,10.28.30.215,unassigned,,2018-11-13 10:40:58 UTC
275,cn-north-1,cn-north-1a,running,i-05759e6c2775ff555,test6-dubbo-v2,Linux,t2.small,EBS,10.110.3.56,unassigned,,2017-11-02 09:44:07 UTC
276,cn-north-1,cn-north-1a,running,i-0552a4d6535cabeb1,es-snowplow-prod-master-01,Linux,t2.medium,EBS,10.28.18.120,unassigned,,2017-12-01 06:15:53 UTC
277,cn-north-1,cn-north-1b,running,i-0da8d99a43564f04f,XH-SVR9-04,Linux,t2.small,EBS,10.28.11.103,54.223.165.32,,2019-03-21 06:23:49 UTC
278,cn-north-1,cn-north-1b,running,i-0101c6f099776bb08,es-nginx-prod-master-02,Linux,t2.medium,EBS,10.28.19.25,unassigned,,2017-09-29 02:51:09 UTC
279,cn-north-1,cn-north-1a,running,i-ff6036c7,prod-zipkin-01,Linux,t2.medium,EBS,10.28.13.132,unassigned,,2016-04-01 07:11:36 UTC
280,cn-north-1,cn-north-1b,running,i-0a9e6682168e38ccf,mysql-proxy-audit,Linux,t2.medium,EBS,10.100.51.190,unassigned,,2018-04-16 07:02:27 UTC
281,cn-north-1,cn-north-1b,running,i-0f96e99f98fbcd271,es-antifraud-prod-data-02,Linux,r4.xlarge,EBS,10.28.19.180,unassigned,,2018-05-29 01:45:23 UTC
282,cn-north-1,cn-north-1a,running,i-0e064db25381b0927,RabbitMQ,Linux,t2.small,EBS,10.110.3.118,unassigned,,2018-04-24 06:10:27 UTC
283,cn-north-1,cn-north-1a,running,i-097efb68cab1fda86,nodes.manage.k8s.local,Linux,c4.2xlarge,EBS,10.100.64.63,unassigned,,2019-03-18 07:16:08 UTC
284,cn-north-1,cn-north-1b,stopped,i-00c2abcc466ccfe79,lptest,Linux,t2.micro,EBS,10.28.4.200,unassigned,,2018-10-24 06:28:56 UTC
285,cn-north-1,cn-north-1a,running,i-05cf94c4b8ec9d9f5,antifraud-spark-cluster-version2.3.0,Linux,r4.xlarge,EBS,10.28.100.152,52.81.40.31,,2019-02-09 09:42:54 UTC
286,cn-north-1,cn-north-1a,running,i-0fae71c8c1e182f48,xhqb-prod-hadoop-slave7,Linux,m4.2xlarge,EBS,10.28.100.21,52.80.162.235,,2018-05-07 11:16:35 UTC
287,cn-north-1,cn-north-1a,running,i-03a225cf4d5f489ec,xhqb-prod-hadoop-slave6,Linux,m4.2xlarge,EBS,10.28.100.251,52.80.136.7,,2018-05-07 11:16:35 UTC
288,cn-north-1,cn-north-1b,running,i-02dcfc96e753e950c,node1.xh-prod.k8s.local,Linux,r4.2xlarge,EBS,10.28.31.166,unassigned,,2018-11-13 12:49:21 UTC
289,cn-north-1,cn-north-1a,running,i-0597bc83328d12f43,windows-presto-client,Windows,t2.large,EBS,10.100.1.20,52.81.102.236,,2019-03-06 03:42:05 UTC
290,cn-north-1,cn-north-1b,running,i-0596d9a94ec13e418,node1.xh-prod.k8s.local,Linux,r4.2xlarge,EBS,10.28.31.204,unassigned,,2018-11-13 12:41:37 UTC
291,cn-north-1,cn-north-1b,running,i-04e826f995d6838b2,nats-demo3,Linux,c4.large,EBS,10.110.33.105,unassigned,,2019-03-01 09:35:23 UTC
292,cn-north-1,cn-north-1a,running,i-02b8a05f7a16af0d6,es-antifraud-prod-master-01,Linux,t2.medium,EBS,10.28.18.160,unassigned,,2018-05-29 01:45:23 UTC
293,cn-north-1,cn-north-1a,running,i-0d05c99922986742c,es-snow-restore-data-11,Linux,m4.4xlarge,EBS,10.28.18.215,unassigned,,2019-03-19 07:51:37 UTC
294,cn-north-1,cn-north-1a,running,i-0633855c03f3bb4eb,es-snr-prod-master-01,Linux,t2.medium,EBS,10.28.18.100,unassigned,,2018-07-04 11:31:05 UTC
295,cn-north-1,cn-north-1b,running,i-1ae9b4a2,XH-WEBAPP-04,Linux,m4.large,EBS,10.28.4.221,unassigned,,2016-11-07 16:00:13 UTC
296,cn-north-1,cn-north-1a,running,i-06fd91912e3487ec5,snr-recommend-prod,Linux,r4.xlarge,EBS,10.28.6.178,unassigned,,2018-09-10 07:46:30 UTC
297,cn-north-1,cn-north-1b,running,i-0fdca1467d0f23706,boston-b,Linux,t2.small,EBS,10.100.0.10,unassigned,,2018-12-19 07:55:55 UTC
298,cn-north-1,cn-north-1b,running,i-0f03d64cfe58df368,es-1k-test-data-02,Linux,r4.xlarge,EBS,10.110.12.100,unassigned,,2018-05-18 05:42:23 UTC
299,cn-north-1,cn-north-1a,running,i-69745d51,prod-proxy-1,Linux,t2.micro,EBS,10.28.10.250,54.222.204.211,ElasticIP,2016-08-18 04:05:26 UTC
300,cn-north-1,cn-north-1b,stopped,i-0613a33b2d9017b74,ldap-client-test2,Linux,t2.micro,EBS,10.110.33.179,unassigned,,2016-12-19 08:40:10 UTC
301,cn-north-1,cn-north-1b,running,i-0fc32904bfd60e21d,zk-ctcf,Linux,t2.medium,EBS,10.28.19.105,unassigned,,2018-03-28 12:19:08 UTC
302,cn-north-1,cn-north-1a,running,i-a6f9a89e,test-old-nat,Linux,t2.micro,EBS,10.28.10.162,54.223.39.89,ElasticIP,2017-10-16 06:20:18 UTC
303,cn-north-1,cn-north-1a,running,i-02ebc9848b8c71864,devtools,Linux,m4.large,EBS,10.100.50.111,unassigned,,2017-11-12 13:17:50 UTC
304,cn-north-1,cn-north-1a,running,i-0916b25a8abb865bb,master-cn-north-1a-2.masters.xh-prod.k8s.local,Linux,m4.large,EBS,10.28.30.178,unassigned,,2018-11-13 07:33:36 UTC
305,cn-north-1,cn-north-1a,running,i-0a3650959a9204f2e,XH-WEBAPP-10,Linux,c4.large,EBS,10.28.6.126,unassigned,,2017-06-13 07:28:03 UTC
306,cn-north-1,cn-north-1a,running,i-0bc14468560957e15,XH-WEBAPP-11,Linux,c4.large,EBS,10.28.6.253,unassigned,,2017-06-13 07:52:08 UTC
307,cn-north-1,cn-north-1a,running,i-0f2dd644499e2cbb9,xh-nx-vpn,Linux,t2.small,EBS,10.100.1.58,52.80.21.72,,2018-03-29 08:56:01 UTC
308,cn-north-1,cn-north-1b,running,i-0c89026fcfe5cbcd6,nodejs-prod,Linux,t2.medium,EBS,10.28.80.211,unassigned,,2017-12-18 05:41:17 UTC
309,cn-north-1,cn-north-1b,running,i-0bed9b1b4f2d5abaf,XH-SVR9-05,Linux,t2.micro,EBS,10.28.11.104,52.80.144.149,,2019-03-17 05:35:24 UTC
310,cn-north-1,cn-north-1a,stopped,i-0f3d97f30d647641f,zhongchengxin-windows-login,Windows,t2.small,EBS,10.100.1.154,unassigned,,2018-12-24 05:57:15 UTC
311,cn-north-1,cn-north-1a,running,i-0365d850b5473140a,xh-svr14-01,Linux,m4.large,EBS,10.28.70.44,unassigned,,2018-06-05 03:52:06 UTC
312,cn-north-1,cn-north-1a,running,i-0c2bc928af4826387,spark-cluster-slave5,Linux,m3.xlarge,EBS,10.28.100.87,52.80.50.210,,2017-04-19 11:46:56 UTC
313,cn-north-1,cn-north-1a,running,i-0cb8824ce36459949,spark-cluster-slave6,Linux,m3.xlarge,EBS,10.28.100.244,54.223.235.117,,2017-04-19 11:46:56 UTC
314,cn-north-1,cn-north-1a,running,i-0f9f858430968b66b,presto_risk,Linux,m3.xlarge,EBS,10.28.100.163,52.80.40.219,,2018-10-31 06:25:28 UTC
315,cn-north-1,cn-north-1a,running,i-08be8090cab06c39d,es-snr-prod-data-03,Linux,r4.xlarge,EBS,10.28.18.111,unassigned,,2018-07-04 15:01:14 UTC
316,cn-north-1,cn-north-1b,running,i-0c778c32ee17ccf97,jenkins-docker-slave-v2,Linux,c4.2xlarge,EBS,10.100.51.95,unassigned,,2019-03-07 14:31:44 UTC
317,cn-north-1,cn-north-1a,running,i-c0b8bff8,phabricator1,Linux,t2.medium,EBS,10.100.50.112,unassigned,,2016-11-21 09:28:50 UTC
318,cn-north-1,cn-north-1a,running,i-539cb86b,prod-renhang-1,Linux,t2.medium,EBS,10.28.16.250,54.223.242.236,ElasticIP,2016-06-30 03:43:17 UTC
319,cn-north-1,cn-north-1a,running,i-0832128a7de9dac9d,test5-nginx-v2,Linux,t2.small,EBS,10.110.0.45,54.223.221.196,,2018-04-12 07:54:36 UTC
320,cn-north-1,cn-north-1a,running,i-010d7fa9b8e545019,test3-dubbo-v2,Linux,t2.small,EBS,10.110.3.53,unassigned,,2018-10-27 09:42:42 UTC
321,cn-north-1,cn-north-1a,running,i-04508c27b900116a1,es-snr-prod-data-01,Linux,r4.xlarge,EBS,10.28.18.110,unassigned,,2018-08-23 11:10:37 UTC
322,cn-north-1,cn-north-1a,running,i-005f739ac84a8a941,antifraud-spark-cluster-version2.3.0,Linux,r4.xlarge,EBS,10.28.100.229,54.223.188.142,,2018-12-19 14:56:13 UTC
323,cn-north-1,cn-north-1a,running,i-0527bbc4bd274de3b,presto_risk_master,Linux,m3.xlarge,EBS,10.28.100.198,54.223.26.64,,2017-05-04 12:10:20 UTC
324,cn-north-1,cn-north-1a,running,i-098d91b46755c39ca,elk1.xh-prod.k8s.local,Linux,c4.2xlarge,EBS,10.28.30.208,unassigned,,2018-11-14 07:56:20 UTC
325,cn-north-1,cn-north-1b,stopped,i-0d2fdc10b1701698f,zhongchengxin-bigdata-mysql1,Linux,c3.2xlarge,EBS,10.28.101.180,unassigned,,2018-02-02 02:17:33 UTC
326,cn-north-1,cn-north-1a,stopped,i-0983cbc3881f40144,neo4j-test,Linux,m4.large,EBS,10.110.32.223,unassigned,,2018-06-27 07:37:45 UTC
327,cn-north-1,cn-north-1b,running,i-0c6025755ef8bc89c,uat2.xh-prod.k8s.local,Linux,m3.2xlarge,EBS,10.28.31.23,unassigned,,2018-11-13 08:48:16 UTC
328,cn-north-1,cn-north-1b,running,i-05eed3a531872758f,es-snow-restore-data-02,Linux,m4.4xlarge,EBS,10.28.19.210,unassigned,,2019-03-19 07:51:37 UTC
329,cn-north-1,cn-north-1a,running,i-0ae4ef946ae77fd1e,presto_operate_slave1,Linux,m3.xlarge,EBS,10.28.100.98,54.223.101.227,,2017-04-27 02:52:43 UTC
330,cn-north-1,cn-north-1a,running,i-034e742aad7295a90,master-cn-north-1a-3.masters.manage.k8s.local,Linux,m3.medium,EBS,10.100.64.70,unassigned,,2018-09-25 02:15:52 UTC
331,cn-north-1,cn-north-1a,running,i-4354597b,antifraud-snowplow-enrich-01,Linux,c4.large,EBS,10.28.13.244,unassigned,,2018-10-27 08:11:40 UTC
332,cn-north-1,cn-north-1a,running,i-02a4e8e21cc459aad,kafka-es-prod-01,Linux,m4.large,EBS,10.28.13.151,unassigned,,2018-01-29 05:46:57 UTC
333,cn-north-1,cn-north-1a,running,i-0d1c9eb8e5c5a39a8,antifraud-spark-cluster-version2.3.0,Linux,r4.2xlarge,EBS,10.28.100.96,52.80.23.172,,2019-03-05 05:50:21 UTC
334,cn-north-1,cn-north-1a,running,i-06e34225212f6ddac,nodes2.manage.k8s.local,Linux,m4.xlarge,EBS,10.100.64.209,unassigned,,2018-12-11 02:32:19 UTC
335,cn-north-1,cn-north-1a,running,i-0446a38b719118a00,waf-nginx-test,Linux,t2.small,EBS,10.100.50.75,54.222.251.154,ElasticIP,2019-02-28 06:37:22 UTC
336,cn-north-1,cn-north-1a,running,i-0dbd25056c37a2ed8,es-ami,Linux,t2.small,EBS,10.100.50.45,unassigned,,2019-03-19 12:27:02 UTC
337,cn-north-1,cn-north-1a,running,i-2c5c5114,kibana-antifraud-01,Linux,t2.medium,EBS,10.28.13.28,unassigned,,2016-12-07 08:17:03 UTC
338,cn-north-1,cn-north-1b,running,i-064fc1d068a33b957,es-snr-prod-master-02,Linux,t2.medium,EBS,10.28.19.100,unassigned,,2018-07-04 11:35:53 UTC
339,cn-north-1,cn-north-1b,running,i-079d75dcc49b935dc,redash-test,Linux,r4.large,EBS,10.100.51.104,unassigned,,2019-01-31 02:05:44 UTC
340,cn-north-1,cn-north-1b,running,i-0c48872c35987d6c4,zk-ctcf,Linux,t2.medium,EBS,10.28.19.225,unassigned,,2018-03-28 12:30:59 UTC
341,cn-north-1,cn-north-1b,running,i-0ca22fcbee8b33916,zk-ctcf,Linux,t2.medium,EBS,10.28.19.81,unassigned,,2018-03-28 12:30:59 UTC
342,cn-north-1,cn-north-1b,running,i-049059581464617f7,xuexiji,Linux,t2.small,EBS,10.100.51.54,unassigned,,2017-11-03 05:50:30 UTC
343,cn-north-1,cn-north-1b,running,i-060132bab503ecee6,XH-SVR9-03,Linux,t2.small,EBS,10.28.11.102,52.80.166.78,,2019-03-21 07:09:28 UTC
344,cn-north-1,cn-north-1b,running,i-0569f8104c27f2c49,XH-SVR9-02,Linux,t2.small,EBS,10.28.11.101,52.81.65.133,,2019-03-21 06:55:02 UTC
345,cn-north-1,cn-north-1b,running,i-0498ee85016f89922,janusgraph-scylla-prod2,Linux,i3.8xlarge,EBS,10.28.101.158,unassigned,,2018-10-29 09:58:21 UTC
346,cn-north-1,cn-north-1b,running,i-0320a4d15a099c8aa,janusgraph-scylla-prod3,Linux,i3.8xlarge,EBS,10.28.101.41,unassigned,,2018-10-29 09:58:21 UTC
347,cn-north-1,cn-north-1b,running,i-0e93519f3e5d0b6bd,janusgraph-scylla-prod1,Linux,i3.8xlarge,EBS,10.28.101.70,unassigned,,2018-10-29 09:58:21 UTC
348,cn-north-1,cn-north-1a,running,i-04085a05849732650,presto_operate_slave2,Linux,m3.xlarge,EBS,10.28.100.122,52.81.33.36,,2018-10-16 07:30:45 UTC
349,cn-north-1,cn-north-1a,running,i-0cf270503e89ce206,poc-test-demo,Linux,t2.small,EBS,10.110.3.176,unassigned,,2019-02-26 06:43:13 UTC
350,cn-north-1,cn-north-1b,stopped,i-061e849bd7c896c7a,waf-nginx-test,Linux,m4.large,EBS,10.110.33.237,unassigned,,2018-11-22 02:46:47 UTC
351,cn-north-1,cn-north-1b,stopped,i-06d6435919a891857,waf-nginx-test,Linux,m4.large,EBS,10.110.33.63,unassigned,,2018-11-22 02:46:47 UTC
352,cn-north-1,cn-north-1a,running,i-0e6b739490ed56301,es-1k-test-data-01,Linux,r4.xlarge,EBS,10.110.11.100,unassigned,,2018-05-18 05:42:23 UTC
353,cn-north-1,cn-north-1b,running,i-0500b3c4ed2d4fb10,es-snow-restore-master-02,Linux,m4.2xlarge,EBS,10.28.19.200,unassigned,,2019-03-19 07:50:56 UTC
354,cn-north-1,cn-north-1a,running,i-0531c9315f27728b9,prometheus-node,Linux,c4.xlarge,EBS,10.100.50.235,unassigned,,2018-05-14 08:42:42 UTC
355,cn-north-1,cn-north-1a,running,i-0a29607d1fd5bfd21,es-snow-restore-data-13,Linux,m4.4xlarge,EBS,10.28.18.216,unassigned,,2019-03-19 07:51:45 UTC
356,cn-north-1,cn-north-1a,running,i-081ca245d5e551973,presto-risk-20180607,Linux,r4.2xlarge,EBS,10.28.100.18,52.80.3.253,,2018-06-07 08:06:26 UTC
357,cn-north-1,cn-north-1b,running,i-0f36f9267828cd039,nodes2.test100.k8s.local,Linux,r3.xlarge,EBS,10.110.201.147,unassigned,,2018-11-06 08:18:44 UTC
358,cn-north-1,cn-north-1b,running,i-0a86fa6dbd98fc849,nats-demo3-2,Linux,c4.large,EBS,10.110.33.241,unassigned,,2019-03-05 09:47:19 UTC
359,cn-north-1,cn-north-1a,running,i-06e26efa99b10fe46,nodes2.test100.k8s.local,Linux,r3.xlarge,EBS,10.110.200.96,unassigned,,2018-11-12 09:53:20 UTC
360,cn-north-1,cn-north-1a,running,i-0e3881e39a0ec549f,dev-decision,Linux,t2.small,EBS,10.110.3.130,unassigned,,2018-05-23 07:28:49 UTC
361,cn-north-1,cn-north-1b,running,i-04dd85991f2f47c17,elk1.test100.k8s.local,Linux,c4.2xlarge,EBS,10.110.201.6,unassigned,,2019-02-19 08:51:34 UTC
362,cn-north-1,cn-north-1a,running,i-013232dae4040bb86,shence-server,Linux,m4.4xlarge,EBS,10.28.100.112,unassigned,,2017-12-26 02:50:22 UTC
363,cn-north-1,cn-north-1a,running,i-07d6854a4b768c964,shence-server,Linux,m4.4xlarge,EBS,10.28.100.4,unassigned,,2017-12-26 02:50:45 UTC
364,cn-north-1,cn-north-1a,running,i-069a6baa7da1c07be,shence-server,Linux,m4.4xlarge,EBS,10.28.100.241,unassigned,,2017-12-26 02:50:34 UTC
365,cn-north-1,cn-north-1a,running,i-925b65aa,jenkins-master,Linux,c4.xlarge,EBS,10.100.50.162,unassigned,,2018-11-20 10:42:25 UTC
366,cn-north-1,cn-north-1b,running,i-006918d7964820277,XH-WEBAPP-07,Linux,c4.large,EBS,10.28.4.227,unassigned,,2016-12-30 07:17:59 UTC
367,cn-north-1,cn-north-1a,running,i-0e2e8fd13c727635f,presto_risk,Linux,m3.xlarge,EBS,10.28.100.231,52.80.92.16,,2018-10-30 04:59:34 UTC
368,cn-north-1,cn-north-1b,running,i-0d0fc25563decf643,exhibitor-es-prod-03,Linux,t2.small,EBS,10.28.15.212,unassigned,,2017-06-28 05:48:38 UTC
369,cn-north-1,cn-north-1b,running,i-e0deed58,elasticsearch-antifraud-master-02,Linux,t2.medium,EBS,10.28.15.128,unassigned,,2016-12-06 10:16:25 UTC
370,cn-north-1,cn-north-1b,running,i-e1deed59,elasticsearch-antifraud-master-01,Linux,t2.medium,EBS,10.28.15.127,unassigned,,2016-12-06 10:16:25 UTC
371,cn-north-1,cn-north-1b,running,i-e3deed5b,elasticsearch-antifraud-master-03,Linux,t2.medium,EBS,10.28.15.129,unassigned,,2016-12-06 10:16:25 UTC
372,cn-north-1,cn-north-1a,running,i-0108d61631bcefb8a,test5-dubbo-zk,Linux,t2.small,EBS,10.110.3.55,unassigned,,2018-04-11 03:43:09 UTC
373,cn-north-1,cn-north-1a,running,i-0f9b131bb86c9337a,node1.xh-prod.k8s.local,Linux,r4.2xlarge,EBS,10.28.30.202,unassigned,,2018-11-13 13:19:46 UTC
374,cn-north-1,cn-north-1b,running,i-090508790b168cb93,ossec-ops,Linux,t2.medium,EBS,10.100.51.144,unassigned,,2018-10-17 10:06:30 UTC
375,cn-north-1,cn-north-1a,running,i-066a5c8ea02573f86,test-cdn,Linux,t2.small,EBS,10.110.0.250,54.222.173.34,,2017-11-02 07:43:42 UTC
376,cn-north-1,cn-north-1a,running,i-05a7e0b1896765ab1,es-snow-restore-data-09,Linux,m4.4xlarge,EBS,10.28.18.214,unassigned,,2019-03-19 07:51:45 UTC
377,cn-north-1,cn-north-1a,running,i-741b494c,uat-nat,Linux,t2.micro,EBS,10.28.10.196,54.222.172.44,,2016-04-23 06:41:16 UTC
378,cn-north-1,cn-north-1a,running,i-07c534efe0bf110d1,spark_json_parse_20181101,Linux,m4.xlarge,EBS,10.28.100.48,52.81.36.84,,2018-11-01 06:36:19 UTC
379,cn-north-1,cn-north-1a,running,i-08d24933fed36d59c,antifraud-spark-cluster-version2.3.0,Linux,r4.xlarge,EBS,10.28.100.12,52.80.202.17,,2018-06-30 06:43:26 UTC
380,cn-north-1,cn-north-1a,running,i-e05e53d8,antifraud-snowplow-collector-01,Linux,t2.small,EBS,10.28.6.111,unassigned,,2016-12-07 08:43:43 UTC
381,cn-north-1,cn-north-1a,running,i-023f3cfe4a611fa0f,test1-nginx-v2,Linux,t2.small,EBS,10.110.0.41,54.223.108.80,ElasticIP,2017-10-28 06:23:53 UTC
382,cn-north-1,cn-north-1b,running,i-0001bcd0403001405,es-snowplow-prod-data-04,Linux,r4.xlarge,EBS,10.28.19.131,unassigned,,2017-12-04 11:07:06 UTC
383,cn-north-1,cn-north-1a,running,i-0774aa5c11b618f1e,master-cn-north-1a-3.masters.xh-prod.k8s.local,Linux,m4.large,EBS,10.28.30.113,unassigned,,2018-11-13 07:58:53 UTC
384,cn-north-1,cn-north-1a,running,i-0dc24b35f4c844e17,cdh-master-prod-01,Linux,m4.large,EBS,10.28.18.41,unassigned,,2018-10-31 08:01:37 UTC
385,cn-north-1,cn-north-1a,running,i-0a14306ee07898ea9,antifraud-spark-cluster-version2.3.0,Linux,r4.xlarge,EBS,10.28.100.104,52.81.61.240,,2019-01-12 08:50:29 UTC
386,cn-north-1,cn-north-1b,running,i-7a334cc2,XH-WEBAPP-01,Linux,m4.large,EBS,10.28.4.222,unassigned,,2016-11-07 16:34:02 UTC
387,cn-north-1,cn-north-1b,running,i-7d334cc5,XH-WEBAPP-02,Linux,m4.large,EBS,10.28.4.223,unassigned,,2016-11-07 16:34:02 UTC
388,cn-north-1,cn-north-1a,running,i-095fc2d80a9b2fa81,test-proxy,Linux,t2.small,EBS,10.110.0.99,54.222.226.123,ElasticIP,2017-11-09 08:47:00 UTC
389,cn-north-1,cn-north-1b,running,i-db334c63,zk-prod03,Linux,c4.xlarge,EBS,10.28.4.108,unassigned,,2018-01-11 12:27:28 UTC
390,cn-north-1,cn-north-1b,running,i-dc334c64,zk-prod01,Linux,c4.xlarge,EBS,10.28.4.106,unassigned,,2018-01-11 12:00:59 UTC
391,cn-north-1,cn-north-1b,running,i-dd334c65,zk-prod02,Linux,c4.xlarge,EBS,10.28.4.107,unassigned,,2018-01-11 12:21:02 UTC
392,cn-north-1,cn-north-1a,stopped,i-0ea972b39f6bf60f1,elasticsearch-es-test-master-03,Linux,t2.small,EBS,10.110.11.96,unassigned,,2018-05-05 09:52:14 UTC
393,cn-north-1,cn-north-1a,stopped,i-01bc93c167d64b920,elasticsearch-es-test-master-01,Linux,t2.small,EBS,10.110.11.5,unassigned,,2017-06-26 07:02:28 UTC
394,cn-north-1,cn-north-1a,stopped,i-0014ca24895843d84,elasticsearch-es-test-master-02,Linux,t2.small,EBS,10.110.11.74,unassigned,,2017-06-26 07:02:28 UTC
395,cn-north-1,cn-north-1b,stopped,i-02a7bbda9cc532103,recommend-system-test,Linux,t2.xlarge,EBS,10.110.33.244,unassigned,,2017-11-17 08:31:14 UTC
396,cn-north-1,cn-north-1a,running,i-00b6c1a81dcdb8901,es-antifraud-prod-data-01,Linux,r4.xlarge,EBS,10.28.18.180,unassigned,,2018-07-24 07:03:08 UTC
397,cn-north-1,cn-north-1a,running,i-52f9a16a,prod-nat-02,Linux,t2.medium,EBS,10.28.10.51,54.222.244.222,,2016-06-07 10:27:09 UTC
398,cn-north-1,cn-north-1a,running,i-0cd877649bdc25e68,node1.xh-prod.k8s.local,Linux,r4.2xlarge,EBS,10.28.30.135,unassigned,,2018-11-13 13:07:54 UTC
399,cn-north-1,cn-north-1b,running,i-0c8db7dcec313087c,elk1.xh-prod.k8s.local,Linux,c4.2xlarge,EBS,10.28.31.246,unassigned,,2018-11-14 07:49:49 UTC
400,cn-north-1,cn-north-1a,running,i-0b0014231554e558d,presto-risk-kudu,Linux,r4.xlarge,EBS,10.28.100.63,52.81.81.4,,2019-03-16 12:27:44 UTC
401,cn-north-1,cn-north-1b,running,i-03c4cf4066fb6831d,elk1.xh-prod.k8s.local,Linux,c4.2xlarge,EBS,10.28.31.206,unassigned,,2018-12-25 02:55:17 UTC
402,cn-north-1,cn-north-1a,running,i-0e74298f2616d1750,test-airflow-worker,Linux,t2.small,EBS,10.28.2.225,unassigned,,2017-10-24 08:08:42 UTC
403,cn-north-1,cn-north-1b,running,i-0bc024bf4421322a9,ECN-VPN,Linux,t2.micro,EBS,172.28.8.5,54.223.59.40,ElasticIP,2017-04-25 01:54:45 UTC
404,cn-north-1,cn-north-1b,running,i-07ef8daf66f70dc91,node2.xh-prod.k8s.local,Linux,m4.2xlarge,EBS,10.28.31.127,unassigned,,2018-11-13 12:17:58 UTC
405,cn-north-1,cn-north-1b,running,i-0ecc26c8d0549543c,XH-WEBAPP-08,Linux,m4.large,EBS,10.28.4.228,unassigned,,2017-01-16 08:10:40 UTC
406,cn-north-1,cn-north-1b,running,i-089a8b263e1755972,deploy-test,Linux,t2.small,EBS,10.110.33.201,unassigned,,2018-06-01 07:35:54 UTC
407,cn-north-1,cn-north-1a,running,i-00e2556de23e6ddf8,xhqb-prod-hadoop-slave3,Linux,m4.2xlarge,EBS,10.28.100.130,54.223.145.130,,2017-12-20 03:37:10 UTC
408,cn-north-1,cn-north-1a,running,i-09f98fe9b3325bbf8,xhqb-prod-hadoop-slave1,Linux,m4.2xlarge,EBS,10.28.100.219,54.222.160.13,,2017-12-20 03:37:10 UTC
409,cn-north-1,cn-north-1a,running,i-09d0d3275a2fd6860,xhqb-prod-hadoop-slave4,Linux,m4.2xlarge,EBS,10.28.100.45,54.223.117.189,,2017-12-20 03:37:10 UTC
410,cn-north-1,cn-north-1a,running,i-01e95303ed1a64820,xhqb-prod-hadoop-slave5,Linux,m4.2xlarge,EBS,10.28.100.156,54.222.201.144,,2017-12-20 03:37:10 UTC
411,cn-north-1,cn-north-1a,running,i-0dcde513a6013c237,node2.xh-prod.k8s.local,Linux,m4.2xlarge,EBS,10.28.30.52,unassigned,,2018-11-13 12:32:16 UTC
412,cn-north-1,cn-north-1a,running,i-b02a0d88,prod-proxy-renhang-nginx-2,Linux,m3.medium,EBS,10.28.10.203,52.80.74.236,,2019-03-20 21:45:01 UTC
413,cn-north-1,cn-north-1a,running,i-01e72b62ed902b33a,nodes.test100.k8s.local,Linux,r4.xlarge,EBS,10.110.200.182,unassigned,,2019-02-14 07:13:12 UTC
414,cn-north-1,cn-north-1b,running,i-07ea63584a2084213,kibana-es-prod-02,Linux,m4.large,EBS,10.28.15.66,unassigned,,2017-07-17 05:42:58 UTC
415,cn-north-1,cn-north-1b,running,i-0ca44cdde8435e014,nodes.test100.k8s.local,Linux,r4.xlarge,EBS,10.110.201.63,unassigned,,2019-02-13 13:23:51 UTC
416,cn-north-1,cn-north-1b,running,i-06a765c9dcee7c8e0,uat2.xh-prod.k8s.local,Linux,m3.2xlarge,EBS,10.28.31.44,unassigned,,2018-11-13 08:41:35 UTC
417,cn-north-1,cn-north-1a,running,i-03bfc7af996bed0ea,elasticsearch-es-prod-data-11,Linux,r4.2xlarge,EBS,10.28.13.242,unassigned,,2017-06-14 12:02:53 UTC
418,cn-north-1,cn-north-1a,running,i-06559e6f57ddc5d70,kafka-es-test-01,Linux,t2.medium,EBS,10.110.11.17,unassigned,,2018-01-15 10:20:18 UTC
419,cn-north-1,cn-north-1a,running,i-01f85ec8be562383f,xhqb-datawarehouse,Linux,m4.2xlarge,EBS,10.28.100.200,52.80.124.218,,2019-03-19 03:32:55 UTC
420,cn-north-1,cn-north-1b,running,i-067675b6b8bd1da47,risk-bt,Windows,m4.xlarge,EBS,10.28.202.207,unassigned,,2018-01-30 10:44:06 UTC
421,cn-north-1,cn-north-1a,running,i-0e36f06bd6c3ead9a,test1-dubbo-v2,Linux,t2.small,EBS,10.110.3.51,unassigned,,2017-10-23 08:01:19 UTC
422,cn-north-1,cn-north-1a,running,i-05a651b2e0b47612a,logstash-sec-prod,Linux,c4.large,EBS,10.28.13.17,unassigned,,2017-11-29 10:12:49 UTC
423,cn-north-1,cn-north-1a,running,i-eb7402d3,XH-DMZ-01,Linux,m4.large,EBS,10.8.12.26,54.223.39.255,ElasticIP,2018-04-20 02:17:11 UTC
424,cn-north-1,cn-north-1a,running,i-ec7402d4,XH-DMZ-02,Linux,m4.large,EBS,10.8.12.27,54.223.62.196,ElasticIP,2018-03-15 02:06:05 UTC
425,cn-north-1,cn-north-1a,running,i-8ff3d3b7,mysql-tools-prod,Linux,t2.medium,EBS,10.28.2.95,unassigned,,2016-07-18 08:11:24 UTC
426,cn-north-1,cn-north-1a,running,i-06e8b7032a18c6591,prod-frontend-pub,Linux,t2.medium,EBS,10.100.50.55,unassigned,,2017-10-15 03:47:06 UTC
427,cn-north-1,cn-north-1a,running,i-0efe4bfa66ccdab0b,es-snow-restore-data-05,Linux,m4.4xlarge,EBS,10.28.18.212,unassigned,,2019-03-19 07:51:37 UTC
428,cn-north-1,cn-north-1a,running,i-005261e76461e727d,m4-nodes.test100.k8s.local,Linux,m4.2xlarge,EBS,10.110.200.234,unassigned,,2019-03-04 20:10:31 UTC
429,cn-north-1,cn-north-1b,running,i-d94c3361,XH-ADM-02,Linux,m4.large,EBS,10.28.3.187,unassigned,,2016-11-09 17:23:53 UTC
430,cn-north-1,cn-north-1b,running,i-da4c3362,XH-ADM-01,Linux,m4.large,EBS,10.28.3.186,unassigned,,2016-11-09 17:17:05 UTC
431,cn-north-1,cn-north-1a,running,i-d8bfe0e0,prod-snowplow-enrich-01,Linux,m4.large,EBS,10.28.13.100,unassigned,,2016-11-29 10:43:16 UTC
432,cn-north-1,cn-north-1a,running,i-049cb37330514c047,janusgraph-scylla-test,Linux,r4.2xlarge,EBS,10.110.32.194,unassigned,,2018-11-13 03:48:46 UTC
433,cn-north-1,cn-north-1b,running,i-0dcf2e0a6b3035bc7,janusgraph-server2,Linux,c4.2xlarge,EBS,10.28.101.11,unassigned,,2018-11-01 09:45:17 UTC
434,cn-north-1,cn-north-1b,running,i-07270ef447594860e,janusgraph-server1,Linux,c4.2xlarge,EBS,10.28.101.252,unassigned,,2018-11-01 09:45:08 UTC
435,cn-north-1,cn-north-1b,running,i-07fe7b179b35b25ac,janusgraph-server3,Linux,c4.2xlarge,EBS,10.28.101.134,unassigned,,2018-11-02 11:56:04 UTC
436,cn-north-1,cn-north-1a,running,i-0946472e78bab07bd,cdh-node-prod,Linux,r4.xlarge,EBS,10.28.18.198,unassigned,,2018-10-31 07:42:11 UTC
437,cn-north-1,cn-north-1a,running,i-0a7daa0d2e5fc1bc7,nodejs-test,Linux,t2.medium,EBS,10.110.0.118,54.223.70.201,,2016-12-27 03:32:10 UTC
438,cn-north-1,cn-north-1b,running,i-05336c1801d013e9b,es-snow-restore-data-14,Linux,m4.4xlarge,EBS,10.28.19.216,unassigned,,2019-03-19 07:52:08 UTC
439,cn-north-1,cn-north-1a,running,i-0cee699fa2fdf1265,kibana-es-prod-01,Linux,m4.large,EBS,10.28.13.66,unassigned,,2017-07-17 06:13:37 UTC
440,cn-north-1,cn-north-1b,running,i-0346a1c481f1bc327,nats-demo2,Linux,c5d.large,EBS,10.110.33.9,unassigned,,2019-03-01 05:25:33 UTC
441,cn-north-1,cn-north-1b,running,i-0161c2fcec87a5aef,nats-demo1,Linux,c5d.large,EBS,10.110.33.158,unassigned,,2019-03-01 05:25:33 UTC
442,cn-north-1,cn-north-1a,running,i-041982cfb099e03d3,es-snr-prod-master-03,Linux,t2.medium,EBS,10.28.18.101,unassigned,,2018-07-04 11:38:30 UTC
443,cn-north-1,cn-north-1b,running,i-0538ada19f69b6b81,Xh-test-spark-cluster-version2.3.0,Linux,r4.xlarge,EBS,10.110.87.145,unassigned,,2018-12-28 07:36:15 UTC
444,cn-north-1,cn-north-1b,running,i-0abfb2aece1dbf217,RabbitMQ,Linux,t2.medium,EBS,10.28.19.116,unassigned,,2018-04-02 03:47:10 UTC
